Timestamp,v_sys_smp,i_sys_smp,v_bst_smp,i_bst_smp,t_bst_smp,t_inv_smp,v_rec_smp,t_rec_smp,v_sys_avg_valid,i_sys_avg_valid,v_bst_avg_valid,i_bst_avg_valid,t_bst_avg_valid,t_inv_avg_valid,v_rec_avg_valid,t_rec_avg_valid,v_sys_avg,i_sys_avg,v_bst_avg,i_bst_avg,t_bst_avg,t_inv_avg,v_rec_avg,t_rec_avg,v_sys_tripped,i_sys_tripped,v_bst_tripped,i_bst_tripped,t_bst_tripped,t_inv_tripped,v_rec_tripped,t_rec_tripped,State,Trips and Commands,Fault Count,WPT Enabled,FPGA Buck Deadtime,FPGA Boost Deadtime,FPGA A Coarse,FPGA A Fine,FPGA B Coarse,FPGA B Fine,Hub SOC,Implant SOC,UI Button,UI Counter,USB Charging,Alignment,PETV CTRL,Control Error,Control Voltage,Implant Synced,Implant CMD Stop,Implant State,Implant Version,BMS PG,BMS INT,BMS STAT0,BMS STAT1,BMS STAT2,BMS FLAG0,BMS FLAG1,BMS FLAG2,BMS FLAG3,PETV CTRL Valids,PETV Slow Valids,PETV Stats Value,PETV Resp Valids,PETV Resp Valids IDX,Open Loop,DCDC Voltage,Control kI,PETV Compare Threshold,PETV Stats Index,WPT Start,WPT Stop,Hub Version
26-05-30 12:40:54.180388,2902,496,1044,620,240,280,1796,200,True,True,True,True,True,True,True,True,2902,496,1044,620,240,280,1796,200,0,0,0,0,0,0,0,0,WPT Ready,0,0,False,0,0,0,0,0,0,75%,50%,False,0x00,False,63%,0us,0.000V,0.000V,True,False,Charge Active,v01.23.7357,False,False,0x00,0x00,0x00,0x00,0x00,0x00,0x00,200,13,0,0,0,False,1.0V,0.030,1467mV,1,False,False,v01.20.7357
26-05-30 12:40:54.532210,2902,496,1044,620,240,280,1796,200,True,True,True,True,True,True,True,True,2902,496,1044,620,240,280,1796,200,0,0,0,0,0,0,0,0,WPT Ready,0,0,False,0,0,0,0,0,0,75%,50%,False,0x00,False,63%,0us,0.000V,0.000V,True,False,Charge Active,v01.23.7357,False,False,0x00,0x00,0x00,0x00,0x00,0x00,0x00,200,13,0,0,0,False,1.0V,0.030,1467mV,1,False,False,v01.20.7357
26-05-30 12:40:54.584717,2902,496,1044,620,240,280,1796,200,True,True,True,True,True,True,True,True,2902,496,1044,620,240,280,1796,200,0,0,0,0,0,0,0,0,WPT Ready,0,0,False,0,0,0,0,0,0,75%,50%,False,0x00,False,63%,0us,0.000V,0.000V,True,False,Charge Active,v01.23.7357,False,False,0x00,0x00,0x00,0x00,0x00,0x00,0x00,200,13,0,0,0,False,1.0V,0.030,1467mV,1,False,False,v01.20.7357
26-05-30 12:40:54.758665,2902,496,1044,620,240,280,1796,200,True,True,True,True,True,True,True,True,2902,496,1044,620,240,280,1796,200,0,0,0,0,0,0,0,0,WPT Ready,0,0,False,0,0,0,0,0,0,75%,50%,False,0x00,False,63%,0us,0.000V,0.000V,True,False,Charge Active,v01.23.7357,False,False,0x00,0x00,0x00,0x00,0x00,0x00,0x00,200,13,0,0,0,False,1.0V,0.030,1467mV,1,False,False,v01.20.7357
26-05-30 12:40:55.030062,2902,496,1044,620,240,280,1796,200,True,True,True,True,True,True,True,True,2902,496,1044,620,240,280,1796,200,0,0,0,0,0,0,0,0,WPT Ready,0,0,False,0,0,0,0,0,0,75%,50%,False,0x00,False,63%,0us,0.000V,0.000V,True,False,Charge Active,v01.23.7357,False,False,0x00,0x00,0x00,0x00,0x00,0x00,0x00,200,13,0,0,0,False,1.0V,0.030,1467mV,1,False,False,v01.20.7357
26-05-30 12:40:55.144483,2902,496,1044,620,240,280,1796,200,True,True,True,True,True,True,True,True,2902,496,1044,620,240,280,1796,200,0,0,0,0,0,0,0,0,WPT Ready,0,0,False,0,0,0,0,0,0,75%,50%,False,0x00,False,63%,0us,0.000V,0.000V,True,False,Charge Active,v01.23.7357,False,False,0x00,0x00,0x00,0x00,0x00,0x00,0x00,200,13,0,0,0,False,1.0V,0.030,1467mV,1,False,False,v01.20.7357
26-05-30 12:40:55.355166,2902,496,1044,620,240,280,1796,200,True,True,True,True,True,True,True,True,2902,496,1044,620,240,280,1796,200,0,0,0,0,0,0,0,0,WPT Ready,0,0,False,0,0,0,0,0,0,75%,50%,False,0x00,False,63%,0us,0.000V,0.000V,True,False,Charge Active,v01.23.7357,False,False,0x00,0x00,0x00,0x00,0x00,0x00,0x00,200,13,0,0,0,False,1.0V,0.030,1467mV,1,False,False,v01.20.7357
26-05-30 12:40:55.783875,2902,496,1044,620,240,280,1796,200,True,True,True,True,True,True,True,True,2902,496,1044,620,240,280,1796,200,0,0,0,0,0,0,0,0,WPT Ready,0,0,False,0,0,0,0,0,0,75%,50%,False,0x00,False,63%,0us,0.000V,0.000V,True,False,Charge Active,v01.23.7357,False,False,0x00,0x00,0x00,0x00,0x00,0x00,0x00,200,13,0,0,0,False,1.0V,0.030,1467mV,1,False,False,v01.20.7357
26-05-30 12:40:55.827575,2902,496,1044,620,240,280,1796,200,True,True,True,True,True,True,True,True,2902,496,1044,620,240,280,1796,200,0,0,0,0,0,0,0,0,WPT Ready,0,0,False,0,0,0,0,0,0,75%,50%,False,0x00,False,63%,0us,0.000V,0.000V,True,False,Charge Active,v01.23.7357,False,False,0x00,0x00,0x00,0x00,0x00,0x00,0x00,200,13,0,0,0,False,1.0V,0.030,1467mV,1,False,False,v01.20.7357
26-05-30 12:40:56.030479,2902,496,1044,620,240,280,1796,200,True,True,True,True,True,True,True,True,2902,496,1044,620,240,280,1796,200,0,0,0,0,0,0,0,0,WPT Ready,0,0,False,0,0,0,0,0,0,75%,50%,False,0x00,False,63%,0us,0.000V,0.000V,True,False,Charge Active,v01.23.7357,False,False,0x00,0x00,0x00,0x00,0x00,0x00,0x00,200,13,0,0,0,False,1.0V,0.030,1467mV,1,False,False,v01.20.7357
26-05-30 12:40:56.197335,2902,496,1044,620,240,280,1796,200,True,True,True,True,True,True,True,True,2902,496,1044,620,240,280,1796,200,0,0,0,0,0,0,0,0,WPT Ready,0,0,False,0,0,0,0,0,0,75%,50%,False,0x00,False,63%,0us,0.000V,0.000V,True,False,Charge Active,v01.23.7357,False,False,0x00,0x00,0x00,0x00,0x00,0x00,0x00,200,13,0,0,0,False,1.0V,0.030,1467mV,1,False,False,v01.20.7357
26-05-30 12:40:56.345996,2902,496,1044,620,240,280,1796,200,True,True,True,True,True,True,True,True,2902,496,1044,620,240,280,1796,200,0,0,0,0,0,0,0,0,WPT Ready,0,0,False,0,0,0,0,0,0,75%,50%,False,0x00,False,63%,0us,0.000V,0.000V,True,False,Charge Active,v01.23.7357,False,False,0x00,0x00,0x00,0x00,0x00,0x00,0x00,200,13,0,0,0,False,1.0V,0.030,1467mV,1,False,False,v01.20.7357
26-05-30 12:40:56.547888,2902,496,1044,620,240,280,1796,200,True,True,True,True,True,True,True,True,2902,496,1044,620,240,280,1796,200,0,0,0,0,0,0,0,0,WPT Ready,0,0,False,0,0,0,0,0,0,75%,50%,False,0x00,False,63%,0us,0.000V,0.000V,True,False,Charge Active,v01.23.7357,False,False,0x00,0x00,0x00,0x00,0x00,0x00,0x00,200,13,0,0,0,False,1.0V,0.030,1467mV,1,False,False,v01.20.7357
26-05-30 12:40:56.815086,2902,496,1044,620,240,280,1796,200,True,True,True,True,True,True,True,True,2902,496,1044,620,240,280,1796,200,0,0,0,0,0,0,0,0,WPT Ready,0,0,False,0,0,0,0,0,0,75%,50%,False,0x00,False,63%,0us,0.000V,0.000V,True,False,Charge Active,v01.23.7357,False,False,0x00,0x00,0x00,0x00,0x00,0x00,0x00,200,13,0,0,0,False,1.0V,0.030,1467mV,1,False,False,v01.20.7357
26-05-30 12:40:56.963697,2902,496,1044,620,240,280,1796,200,True,True,True,True,True,True,True,True,2902,496,1044,620,240,280,1796,200,0,0,0,0,0,0,0,0,WPT Ready,0,0,False,0,0,0,0,0,0,75%,50%,False,0x00,False,63%,0us,0.000V,0.000V,True,False,Charge Active,v01.23.7357,False,False,0x00,0x00,0x00,0x00,0x00,0x00,0x00,200,13,0,0,0,False,1.0V,0.030,1467mV,1,False,False,v01.20.7357
26-05-30 12:40:57.144848,2902,496,1044,620,240,280,1796,200,True,True,True,True,True,True,True,True,2902,496,1044,620,240,280,1796,200,0,0,0,0,0,0,0,0,WPT Ready,0,0,False,0,0,0,0,0,0,75%,50%,False,0x00,False,63%,0us,0.000V,0.000V,True,False,Charge Active,v01.23.7357,False,False,0x00,0x00,0x00,0x00,0x00,0x00,0x00,200,13,0,0,0,False,1.0V,0.030,1467mV,1,False,False,v01.20.7357
26-05-30 12:40:57.344763,2902,496,1044,620,240,280,1796,200,True,True,True,True,True,True,True,True,2902,496,1044,620,240,280,1796,200,0,0,0,0,0,0,0,0,WPT Ready,0,0,False,0,0,0,0,0,0,75%,50%,False,0x00,False,63%,0us,0.000V,0.000V,True,False,Charge Active,v01.23.7357,False,False,0x00,0x00,0x00,0x00,0x00,0x00,0x00,200,13,0,0,0,False,1.0V,0.030,1467mV,1,False,False,v01.20.7357
26-05-30 12:40:57.548879,2902,496,1044,620,240,280,1796,200,True,True,True,True,True,True,True,True,2902,496,1044,620,240,280,1796,200,0,0,0,0,0,0,0,0,WPT Ready,0,0,False,0,0,0,0,0,0,75%,50%,False,0x00,False,63%,0us,0.000V,0.000V,True,False,Charge Active,v01.23.7357,False,False,0x00,0x00,0x00,0x00,0x00,0x00,0x00,200,13,0,0,0,False,1.0V,0.030,1467mV,1,False,False,v01.20.7357
26-05-30 12:40:57.751645,2902,496,1044,620,240,280,1796,200,True,True,True,True,True,True,True,True,2902,496,1044,620,240,280,1796,200,0,0,0,0,0,0,0,0,WPT Ready,0,0,False,0,0,0,0,0,0,75%,50%,False,0x00,False,63%,0us,0.000V,0.000V,True,False,Charge Active,v01.23.7357,False,False,0x00,0x00,0x00,0x00,0x00,0x00,0x00,200,13,0,0,0,False,1.0V,0.030,1467mV,1,False,False,v01.20.7357
26-05-30 12:40:57.952693,2902,496,1044,620,240,280,1796,200,True,True,True,True,True,True,True,True,2902,496,1044,620,240,280,1796,200,0,0,0,0,0,0,0,0,WPT Ready,0,0,False,0,0,0,0,0,0,75%,50%,False,0x00,False,63%,0us,0.000V,0.000V,True,False,Charge Active,v01.23.7357,False,False,0x00,0x00,0x00,0x00,0x00,0x00,0x00,200,13,0,0,0,False,1.0V,0.030,1467mV,1,False,False,v01.20.7357
26-05-30 12:40:58.154804,2902,496,1044,620,240,280,1796,200,True,True,True,True,True,True,True,True,2902,496,1044,620,240,280,1796,200,0,0,0,0,0,0,0,0,WPT Ready,0,0,False,0,0,0,0,0,0,75%,50%,False,0x00,False,63%,0us,0.000V,0.000V,True,False,Charge Active,v01.23.7357,False,False,0x00,0x00,0x00,0x00,0x00,0x00,0x00,200,13,0,0,0,False,1.0V,0.030,1467mV,1,False,False,v01.20.7357
26-05-30 12:40:58.356294,2902,496,1044,620,240,280,1796,200,True,True,True,True,True,True,True,True,2902,496,1044,620,240,280,1796,200,0,0,0,0,0,0,0,0,WPT Ready,0,0,False,0,0,0,0,0,0,75%,50%,False,0x00,False,63%,0us,0.000V,0.000V,True,False,Charge Active,v01.23.7357,False,False,0x00,0x00,0x00,0x00,0x00,0x00,0x00,200,13,0,0,0,False,1.0V,0.030,1467mV,1,False,False,v01.20.7357
26-05-30 12:40:58.545034,2902,496,1044,620,240,280,1796,200,True,True,True,True,True,True,True,True,2902,496,1044,620,240,280,1796,200,0,0,0,0,0,0,0,0,WPT Ready,0,0,False,0,0,0,0,0,0,75%,50%,False,0x00,False,63%,0us,0.000V,0.000V,True,False,Charge Active,v01.23.7357,False,False,0x00,0x00,0x00,0x00,0x00,0x00,0x00,200,13,0,0,0,False,1.0V,0.030,1467mV,1,False,False,v01.20.7357
26-05-30 12:40:58.771446,2902,496,1044,620,240,280,1796,200,True,True,True,True,True,True,True,True,2902,496,1044,620,240,280,1796,200,0,0,0,0,0,0,0,0,WPT Ready,0,0,False,0,0,0,0,0,0,75%,50%,False,0x00,False,63%,0us,0.000V,0.000V,True,False,Charge Active,v01.23.7357,False,False,0x00,0x00,0x00,0x00,0x00,0x00,0x00,200,13,0,0,0,False,1.0V,0.030,1467mV,1,False,False,v01.20.7357
26-05-30 12:40:58.980085,2902,496,1044,620,240,280,1796,200,True,True,True,True,True,True,True,True,2902,496,1044,620,240,280,1796,200,0,0,0,0,0,0,0,0,WPT Ready,0,0,False,0,0,0,0,0,0,75%,50%,False,0x00,False,63%,0us,0.000V,0.000V,True,False,Charge Active,v01.23.7357,False,False,0x00,0x00,0x00,0x00,0x00,0x00,0x00,200,13,0,0,0,False,1.0V,0.030,1467mV,1,False,False,v01.20.7357
26-05-30 12:40:59.167967,2902,496,1044,620,240,280,1796,200,True,True,True,True,True,True,True,True,2902,496,1044,620,240,280,1796,200,0,0,0,0,0,0,0,0,WPT Ready,0,0,False,0,0,0,0,0,0,75%,50%,False,0x00,False,63%,0us,0.000V,0.000V,True,False,Charge Active,v01.23.7357,False,False,0x00,0x00,0x00,0x00,0x00,0x00,0x00,200,13,0,0,0,False,1.0V,0.030,1467mV,1,False,False,v01.20.7357
26-05-30 12:40:59.367656,2902,496,1044,620,240,280,1796,200,True,True,True,True,True,True,True,True,2902,496,1044,620,240,280,1796,200,0,0,0,0,0,0,0,0,WPT Ready,0,0,False,0,0,0,0,0,0,75%,50%,False,0x00,False,63%,0us,0.000V,0.000V,True,False,Charge Active,v01.23.7357,False,False,0x00,0x00,0x00,0x00,0x00,0x00,0x00,200,13,0,0,0,False,1.0V,0.030,1467mV,1,False,False,v01.20.7357
26-05-30 12:40:59.587652,2902,496,1044,620,240,280,1796,200,True,True,True,True,True,True,True,True,2902,496,1044,620,240,280,1796,200,0,0,0,0,0,0,0,0,WPT Ready,0,0,False,0,0,0,0,0,0,75%,50%,False,0x00,False,63%,0us,0.000V,0.000V,True,False,Charge Active,v01.23.7357,False,False,0x00,0x00,0x00,0x00,0x00,0x00,0x00,200,13,0,0,0,False,1.0V,0.030,1467mV,1,False,False,v01.20.7357
26-05-30 12:40:59.767773,2902,496,1044,620,240,280,1796,200,True,True,True,True,True,True,True,True,2902,496,1044,620,240,280,1796,200,0,0,0,0,0,0,0,0,WPT Ready,0,0,False,0,0,0,0,0,0,75%,50%,False,0x00,False,63%,0us,0.000V,0.000V,True,False,Charge Active,v01.23.7357,False,False,0x00,0x00,0x00,0x00,0x00,0x00,0x00,200,13,0,0,0,False,1.0V,0.030,1467mV,1,False,False,v01.20.7357
26-05-30 12:40:59.976404,2902,496,1044,620,240,280,1796,200,True,True,True,True,True,True,True,True,2902,496,1044,620,240,280,1796,200,0,0,0,0,0,0,0,0,WPT Ready,0,0,False,0,0,0,0,0,0,75%,50%,False,0x00,False,63%,0us,0.000V,0.000V,True,False,Charge Active,v01.23.7357,False,False,0x00,0x00,0x00,0x00,0x00,0x00,0x00,200,13,0,0,0,False,1.0V,0.030,1467mV,1,False,False,v01.20.7357
26-05-30 12:41:00.179425,2902,496,1044,620,240,280,1796,200,True,True,True,True,True,True,True,True,2902,496,1044,620,240,280,1796,200,0,0,0,0,0,0,0,0,WPT Ready,0,0,False,0,0,0,0,0,0,75%,50%,False,0x00,False,63%,0us,0.000V,0.000V,True,False,Charge Active,v01.23.7357,False,False,0x00,0x00,0x00,0x00,0x00,0x00,0x00,200,13,0,0,0,False,1.0V,0.030,1467mV,1,False,False,v01.20.7357
26-05-30 12:41:00.378257,2902,496,1044,620,240,280,1796,200,True,True,True,True,True,True,True,True,2902,496,1044,620,240,280,1796,200,0,0,0,0,0,0,0,0,WPT Ready,0,0,False,0,0,0,0,0,0,75%,50%,False,0x00,False,63%,0us,0.000V,0.000V,True,False,Charge Active,v01.23.7357,False,False,0x00,0x00,0x00,0x00,0x00,0x00,0x00,200,13,0,0,0,False,1.0V,0.030,1467mV,1,False,False,v01.20.7357
26-05-30 12:41:00.568994,2902,496,1044,620,240,280,1796,200,True,True,True,True,True,True,True,True,2902,496,1044,620,240,280,1796,200,0,0,0,0,0,0,0,0,WPT Ready,0,0,False,0,0,0,0,0,0,75%,50%,False,0x00,False,63%,0us,0.000V,0.000V,True,False,Charge Active,v01.23.7357,False,False,0x00,0x00,0x00,0x00,0x00,0x00,0x00,200,13,0,0,0,False,1.0V,0.030,1467mV,1,False,False,v01.20.7357
26-05-30 12:41:00.757882,2902,496,1044,620,240,280,1796,200,True,True,True,True,True,True,True,True,2902,496,1044,620,240,280,1796,200,0,0,0,0,0,0,0,0,WPT Ready,0,0,False,0,0,0,0,0,0,75%,50%,False,0x00,False,63%,0us,0.000V,0.000V,True,False,Charge Active,v01.23.7357,False,False,0x00,0x00,0x00,0x00,0x00,0x00,0x00,200,13,0,0,0,False,1.0V,0.030,1467mV,1,False,False,v01.20.7357
26-05-30 12:41:00.960447,2902,496,1044,620,240,280,1796,200,True,True,True,True,True,True,True,True,2902,496,1044,620,240,280,1796,200,0,0,0,0,0,0,0,0,WPT Ready,0,0,False,0,0,0,0,0,0,75%,50%,False,0x00,False,63%,0us,0.000V,0.000V,True,False,Charge Active,v01.23.7357,False,False,0x00,0x00,0x00,0x00,0x00,0x00,0x00,200,13,0,0,0,False,1.0V,0.030,1467mV,1,False,False,v01.20.7357
26-05-30 12:41:01.185446,2902,496,1044,620,240,280,1796,200,True,True,True,True,True,True,True,True,2902,496,1044,620,240,280,1796,200,0,0,0,0,0,0,0,0,WPT Ready,0,0,False,0,0,0,0,0,0,75%,50%,False,0x00,False,63%,0us,0.000V,0.000V,True,False,Charge Active,v01.23.7357,False,False,0x00,0x00,0x00,0x00,0x00,0x00,0x00,200,13,0,0,0,False,1.0V,0.030,1467mV,1,False,False,v01.20.7357
26-05-30 12:41:01.363551,2902,496,1044,620,240,280,1796,200,True,True,True,True,True,True,True,True,2902,496,1044,620,240,280,1796,200,0,0,0,0,0,0,0,0,WPT Ready,0,0,False,0,0,0,0,0,0,75%,50%,False,0x00,False,63%,0us,0.000V,0.000V,True,False,Charge Active,v01.23.7357,False,False,0x00,0x00,0x00,0x00,0x00,0x00,0x00,200,13,0,0,0,False,1.0V,0.030,1467mV,1,False,False,v01.20.7357
26-05-30 12:41:01.569799,2902,496,1044,620,240,280,1796,200,True,True,True,True,True,True,True,True,2902,496,1044,620,240,280,1796,200,0,0,0,0,0,0,0,0,WPT Ready,0,0,False,0,0,0,0,0,0,75%,50%,False,0x00,False,63%,0us,0.000V,0.000V,True,False,Charge Active,v01.23.7357,False,False,0x00,0x00,0x00,0x00,0x00,0x00,0x00,200,13,0,0,0,False,1.0V,0.030,1467mV,1,False,False,v01.20.7357
26-05-30 12:41:01.759292,2902,496,1044,620,240,280,1796,200,True,True,True,True,True,True,True,True,2902,496,1044,620,240,280,1796,200,0,0,0,0,0,0,0,0,WPT Ready,0,0,False,0,0,0,0,0,0,75%,50%,False,0x00,False,63%,0us,0.000V,0.000V,True,False,Charge Active,v01.23.7357,False,False,0x00,0x00,0x00,0x00,0x00,0x00,0x00,200,13,0,0,0,False,1.0V,0.030,1467mV,1,False,False,v01.20.7357
26-05-30 12:41:01.953591,2902,496,1044,620,240,280,1796,200,True,True,True,True,True,True,True,True,2902,496,1044,620,240,280,1796,200,0,0,0,0,0,0,0,0,WPT Ready,0,0,False,0,0,0,0,0,0,75%,50%,False,0x00,False,63%,0us,0.000V,0.000V,True,False,Charge Active,v01.23.7357,False,False,0x00,0x00,0x00,0x00,0x00,0x00,0x00,200,13,0,0,0,False,1.0V,0.030,1467mV,1,False,False,v01.20.7357
26-05-30 12:41:02.158241,2902,496,1044,620,240,280,1796,200,True,True,True,True,True,True,True,True,2902,496,1044,620,240,280,1796,200,0,0,0,0,0,0,0,0,WPT Ready,0,0,False,0,0,0,0,0,0,75%,50%,False,0x00,False,63%,0us,0.000V,0.000V,True,False,Charge Active,v01.23.7357,False,False,0x00,0x00,0x00,0x00,0x00,0x00,0x00,200,13,0,0,0,False,1.0V,0.030,1467mV,1,False,False,v01.20.7357
26-05-30 12:41:02.359599,2902,496,1044,620,240,280,1796,200,True,True,True,True,True,True,True,True,2902,496,1044,620,240,280,1796,200,0,0,0,0,0,0,0,0,WPT Ready,0,0,False,0,0,0,0,0,0,75%,50%,False,0x00,False,63%,0us,0.000V,0.000V,True,False,Charge Active,v01.23.7357,False,False,0x00,0x00,0x00,0x00,0x00,0x00,0x00,200,13,0,0,0,False,1.0V,0.030,1467mV,1,False,False,v01.20.7357
26-05-30 12:41:02.561375,2902,496,1044,620,240,280,1796,200,True,True,True,True,True,True,True,True,2902,496,1044,620,240,280,1796,200,0,0,0,0,0,0,0,0,WPT Ready,0,0,False,0,0,0,0,0,0,75%,50%,False,0x00,False,63%,0us,0.000V,0.000V,True,False,Charge Active,v01.23.7357,False,False,0x00,0x00,0x00,0x00,0x00,0x00,0x00,200,13,0,0,0,False,1.0V,0.030,1467mV,1,False,False,v01.20.7357
26-05-30 12:41:02.762728,2902,496,1044,620,240,280,1796,200,True,True,True,True,True,True,True,True,2902,496,1044,620,240,280,1796,200,0,0,0,0,0,0,0,0,WPT Ready,0,0,False,0,0,0,0,0,0,75%,50%,False,0x00,False,63%,0us,0.000V,0.000V,True,False,Charge Active,v01.23.7357,False,False,0x00,0x00,0x00,0x00,0x00,0x00,0x00,200,13,0,0,0,False,1.0V,0.030,1467mV,1,False,False,v01.20.7357
26-05-30 12:41:02.958885,2902,496,1044,620,240,280,1796,200,True,True,True,True,True,True,True,True,2902,496,1044,620,240,280,1796,200,0,0,0,0,0,0,0,0,WPT Ready,0,0,False,0,0,0,0,0,0,75%,50%,False,0x00,False,63%,0us,0.000V,0.000V,True,False,Charge Active,v01.23.7357,False,False,0x00,0x00,0x00,0x00,0x00,0x00,0x00,200,13,0,0,0,False,1.0V,0.030,1467mV,1,False,False,v01.20.7357
26-05-30 12:41:03.146064,2902,496,1044,620,240,280,1796,200,True,True,True,True,True,True,True,True,2902,496,1044,620,240,280,1796,200,0,0,0,0,0,0,0,0,WPT Ready,0,0,False,0,0,0,0,0,0,75%,50%,False,0x00,False,63%,0us,0.000V,0.000V,True,False,Charge Active,v01.23.7357,False,False,0x00,0x00,0x00,0x00,0x00,0x00,0x00,200,13,0,0,0,False,1.0V,0.030,1467mV,1,False,False,v01.20.7357
26-05-30 12:41:03.346690,2902,496,1044,620,240,280,1796,200,True,True,True,True,True,True,True,True,2902,496,1044,620,240,280,1796,200,0,0,0,0,0,0,0,0,WPT Ready,0,0,False,0,0,0,0,0,0,75%,50%,False,0x00,False,63%,0us,0.000V,0.000V,True,False,Charge Active,v01.23.7357,False,False,0x00,0x00,0x00,0x00,0x00,0x00,0x00,200,13,0,0,0,False,1.0V,0.030,1467mV,1,False,False,v01.20.7357
26-05-30 12:41:03.545206,2902,496,1044,620,240,280,1796,200,True,True,True,True,True,True,True,True,2902,496,1044,620,240,280,1796,200,0,0,0,0,0,0,0,0,WPT Ready,0,0,False,0,0,0,0,0,0,75%,50%,False,0x00,False,63%,0us,0.000V,0.000V,True,False,Charge Active,v01.23.7357,False,False,0x00,0x00,0x00,0x00,0x00,0x00,0x00,200,13,0,0,0,False,1.0V,0.030,1467mV,1,False,False,v01.20.7357
26-05-30 12:41:03.751675,2902,496,1044,620,240,280,1796,200,True,True,True,True,True,True,True,True,2902,496,1044,620,240,280,1796,200,0,0,0,0,0,0,0,0,WPT Ready,0,0,False,0,0,0,0,0,0,75%,50%,False,0x00,False,63%,0us,0.000V,0.000V,True,False,Charge Active,v01.23.7357,False,False,0x00,0x00,0x00,0x00,0x00,0x00,0x00,200,13,0,0,0,False,1.0V,0.030,1467mV,1,False,False,v01.20.7357
26-05-30 12:41:03.943924,2902,496,1044,620,240,280,1796,200,True,True,True,True,True,True,True,True,2902,496,1044,620,240,280,1796,200,0,0,0,0,0,0,0,0,WPT Ready,0,0,False,0,0,0,0,0,0,75%,50%,False,0x00,False,63%,0us,0.000V,0.000V,True,False,Charge Active,v01.23.7357,False,False,0x00,0x00,0x00,0x00,0x00,0x00,0x00,200,13,0,0,0,False,1.0V,0.030,1467mV,1,False,False,v01.20.7357
26-05-30 12:41:04.145229,2902,496,1044,620,240,280,1796,200,True,True,True,True,True,True,True,True,2902,496,1044,620,240,280,1796,200,0,0,0,0,0,0,0,0,WPT Ready,0,0,False,0,0,0,0,0,0,75%,50%,False,0x00,False,63%,0us,0.000V,0.000V,True,False,Charge Active,v01.23.7357,False,False,0x00,0x00,0x00,0x00,0x00,0x00,0x00,200,13,0,0,0,False,1.0V,0.030,1467mV,1,False,False,v01.20.7357
26-05-30 12:41:04.347009,2902,496,1044,620,240,280,1796,200,True,True,True,True,True,True,True,True,2902,496,1044,620,240,280,1796,200,0,0,0,0,0,0,0,0,WPT Ready,0,0,False,0,0,0,0,0,0,75%,50%,False,0x00,False,63%,0us,0.000V,0.000V,True,False,Charge Active,v01.23.7357,False,False,0x00,0x00,0x00,0x00,0x00,0x00,0x00,200,13,0,0,0,False,1.0V,0.030,1467mV,1,False,False,v01.20.7357
26-05-30 12:41:04.554184,2902,496,1044,620,240,280,1796,200,True,True,True,True,True,True,True,True,2902,496,1044,620,240,280,1796,200,0,0,0,0,0,0,0,0,WPT Ready,0,0,False,0,0,0,0,0,0,75%,50%,False,0x00,False,63%,0us,0.000V,0.000V,True,False,Charge Active,v01.23.7357,False,False,0x00,0x00,0x00,0x00,0x00,0x00,0x00,200,13,0,0,0,False,1.0V,0.030,1467mV,1,False,False,v01.20.7357
26-05-30 12:41:04.754387,2902,496,1044,620,240,280,1796,200,True,True,True,True,True,True,True,True,2902,496,1044,620,240,280,1796,200,0,0,0,0,0,0,0,0,WPT Ready,0,0,False,0,0,0,0,0,0,75%,50%,False,0x00,False,63%,0us,0.000V,0.000V,True,False,Charge Active,v01.23.7357,False,False,0x00,0x00,0x00,0x00,0x00,0x00,0x00,200,13,0,0,0,False,1.0V,0.030,1467mV,1,False,False,v01.20.7357
26-05-30 12:41:04.943703,2902,496,1044,620,240,280,1796,200,True,True,True,True,True,True,True,True,2902,496,1044,620,240,280,1796,200,0,0,0,0,0,0,0,0,WPT Ready,0,0,False,0,0,0,0,0,0,75%,50%,False,0x00,False,63%,0us,0.000V,0.000V,True,False,Charge Active,v01.23.7357,False,False,0x00,0x00,0x00,0x00,0x00,0x00,0x00,200,13,0,0,0,False,1.0V,0.030,1467mV,1,False,False,v01.20.7357
26-05-30 12:41:05.142995,2902,496,1044,620,240,280,1796,200,True,True,True,True,True,True,True,True,2902,496,1044,620,240,280,1796,200,0,0,0,0,0,0,0,0,WPT Ready,0,0,False,0,0,0,0,0,0,75%,50%,False,0x00,False,63%,0us,0.000V,0.000V,True,False,Charge Active,v01.23.7357,False,False,0x00,0x00,0x00,0x00,0x00,0x00,0x00,200,13,0,0,0,False,1.0V,0.030,1467mV,1,False,False,v01.20.7357
26-05-30 12:41:05.342979,2902,496,1044,620,240,280,1796,200,True,True,True,True,True,True,True,True,2902,496,1044,620,240,280,1796,200,0,0,0,0,0,0,0,0,WPT Ready,0,0,False,0,0,0,0,0,0,75%,50%,False,0x00,False,63%,0us,0.000V,0.000V,True,False,Charge Active,v01.23.7357,False,False,0x00,0x00,0x00,0x00,0x00,0x00,0x00,200,13,0,0,0,False,1.0V,0.030,1467mV,1,False,False,v01.20.7357
26-05-30 12:41:05.562272,2902,496,1044,620,240,280,1796,200,True,True,True,True,True,True,True,True,2902,496,1044,620,240,280,1796,200,0,0,0,0,0,0,0,0,WPT Ready,0,0,False,0,0,0,0,0,0,75%,50%,False,0x00,False,63%,0us,0.000V,0.000V,True,False,Charge Active,v01.23.7357,False,False,0x00,0x00,0x00,0x00,0x00,0x00,0x00,200,13,0,0,0,False,1.0V,0.030,1467mV,1,False,False,v01.20.7357
26-05-30 12:41:05.761645,2902,496,1044,620,240,280,1796,200,True,True,True,True,True,True,True,True,2902,496,1044,620,240,280,1796,200,0,0,0,0,0,0,0,0,WPT Ready,0,0,False,0,0,0,0,0,0,75%,50%,False,0x00,False,63%,0us,0.000V,0.000V,True,False,Charge Active,v01.23.7357,False,False,0x00,0x00,0x00,0x00,0x00,0x00,0x00,200,13,0,0,0,False,1.0V,0.030,1467mV,1,False,False,v01.20.7357
26-05-30 12:41:05.951738,2902,496,1044,620,240,280,1796,200,True,True,True,True,True,True,True,True,2902,496,1044,620,240,280,1796,200,0,0,0,0,0,0,0,0,WPT Ready,0,0,False,0,0,0,0,0,0,75%,50%,False,0x00,False,63%,0us,0.000V,0.000V,True,False,Charge Active,v01.23.7357,False,False,0x00,0x00,0x00,0x00,0x00,0x00,0x00,200,13,0,0,0,False,1.0V,0.030,1467mV,1,False,False,v01.20.7357
26-05-30 12:41:06.168483,2902,496,1044,620,240,280,1796,200,True,True,True,True,True,True,True,True,2902,496,1044,620,240,280,1796,200,0,0,0,0,0,0,0,0,WPT Ready,0,0,False,0,0,0,0,0,0,75%,50%,False,0x00,False,63%,0us,0.000V,0.000V,True,False,Charge Active,v01.23.7357,False,False,0x00,0x00,0x00,0x00,0x00,0x00,0x00,200,13,0,0,0,False,1.0V,0.030,1467mV,1,False,False,v01.20.7357
26-05-30 12:41:06.398114,2902,496,1044,620,240,280,1796,200,True,True,True,True,True,True,True,True,2902,496,1044,620,240,280,1796,200,0,0,0,0,0,0,0,0,WPT Ready,0,0,False,0,0,0,0,0,0,75%,50%,False,0x00,False,63%,0us,0.000V,0.000V,True,False,Charge Active,v01.23.7357,False,False,0x00,0x00,0x00,0x00,0x00,0x00,0x00,200,13,0,0,0,False,1.0V,0.030,1467mV,1,False,False,v01.20.7357
26-05-30 12:41:06.573432,2902,496,1044,620,240,280,1796,200,True,True,True,True,True,True,True,True,2902,496,1044,620,240,280,1796,200,0,0,0,0,0,0,0,0,WPT Ready,0,0,False,0,0,0,0,0,0,75%,50%,False,0x00,False,63%,0us,0.000V,0.000V,True,False,Charge Active,v01.23.7357,False,False,0x00,0x00,0x00,0x00,0x00,0x00,0x00,200,13,0,0,0,False,1.0V,0.030,1467mV,1,False,False,v01.20.7357
26-05-30 12:41:06.751352,2902,496,1044,620,240,280,1796,200,True,True,True,True,True,True,True,True,2902,496,1044,620,240,280,1796,200,0,0,0,0,0,0,0,0,WPT Ready,0,0,False,0,0,0,0,0,0,75%,50%,False,0x00,False,63%,0us,0.000V,0.000V,True,False,Charge Active,v01.23.7357,False,False,0x00,0x00,0x00,0x00,0x00,0x00,0x00,200,13,0,0,0,False,1.0V,0.030,1467mV,1,False,False,v01.20.7357
26-05-30 12:41:06.952423,2902,496,1044,620,240,280,1796,200,True,True,True,True,True,True,True,True,2902,496,1044,620,240,280,1796,200,0,0,0,0,0,0,0,0,WPT Ready,0,0,False,0,0,0,0,0,0,75%,50%,False,0x00,False,63%,0us,0.000V,0.000V,True,False,Charge Active,v01.23.7357,False,False,0x00,0x00,0x00,0x00,0x00,0x00,0x00,200,13,0,0,0,False,1.0V,0.030,1467mV,1,False,False,v01.20.7357
26-05-30 12:41:07.159735,2902,496,1044,620,240,280,1796,200,True,True,True,True,True,True,True,True,2902,496,1044,620,240,280,1796,200,0,0,0,0,0,0,0,0,WPT Ready,0,0,False,0,0,0,0,0,0,75%,50%,False,0x00,False,63%,0us,0.000V,0.000V,True,False,Charge Active,v01.23.7357,False,False,0x00,0x00,0x00,0x00,0x00,0x00,0x00,200,13,0,0,0,False,1.0V,0.030,1467mV,1,False,False,v01.20.7357
26-05-30 12:41:07.344671,2902,496,1044,620,240,280,1796,200,True,True,True,True,True,True,True,True,2902,496,1044,620,240,280,1796,200,0,0,0,0,0,0,0,0,WPT Ready,0,0,False,0,0,0,0,0,0,75%,50%,False,0x00,False,63%,0us,0.000V,0.000V,True,False,Charge Active,v01.23.7357,False,False,0x00,0x00,0x00,0x00,0x00,0x00,0x00,200,13,0,0,0,False,1.0V,0.030,1467mV,1,False,False,v01.20.7357
26-05-30 12:41:07.561927,2902,496,1044,620,240,280,1796,200,True,True,True,True,True,True,True,True,2902,496,1044,620,240,280,1796,200,0,0,0,0,0,0,0,0,WPT Ready,0,0,False,0,0,0,0,0,0,75%,50%,False,0x00,False,63%,0us,0.000V,0.000V,True,False,Charge Active,v01.23.7357,False,False,0x00,0x00,0x00,0x00,0x00,0x00,0x00,200,13,0,0,0,False,1.0V,0.030,1467mV,1,False,False,v01.20.7357
26-05-30 12:41:07.752193,2902,496,1044,620,240,280,1796,200,True,True,True,True,True,True,True,True,2902,496,1044,620,240,280,1796,200,0,0,0,0,0,0,0,0,WPT Ready,0,0,False,0,0,0,0,0,0,75%,50%,False,0x00,False,63%,0us,0.000V,0.000V,True,False,Charge Active,v01.23.7357,False,False,0x00,0x00,0x00,0x00,0x00,0x00,0x00,200,13,0,0,0,False,1.0V,0.030,1467mV,1,False,False,v01.20.7357
26-05-30 12:41:07.952618,2902,496,1044,620,240,280,1796,200,True,True,True,True,True,True,True,True,2902,496,1044,620,240,280,1796,200,0,0,0,0,0,0,0,0,WPT Ready,0,0,False,0,0,0,0,0,0,75%,50%,False,0x00,False,63%,0us,0.000V,0.000V,True,False,Charge Active,v01.23.7357,False,False,0x00,0x00,0x00,0x00,0x00,0x00,0x00,200,13,0,0,0,False,1.0V,0.030,1467mV,1,False,False,v01.20.7357
26-05-30 12:41:08.152891,2902,496,1044,620,240,280,1796,200,True,True,True,True,True,True,True,True,2902,496,1044,620,240,280,1796,200,0,0,0,0,0,0,0,0,WPT Ready,0,0,False,0,0,0,0,0,0,75%,50%,False,0x00,False,63%,0us,0.000V,0.000V,True,False,Charge Active,v01.23.7357,False,False,0x00,0x00,0x00,0x00,0x00,0x00,0x00,200,13,0,0,0,False,1.0V,0.030,1467mV,1,False,False,v01.20.7357
26-05-30 12:41:08.354383,2902,496,1044,620,240,280,1796,200,True,True,True,True,True,True,True,True,2902,496,1044,620,240,280,1796,200,0,0,0,0,0,0,0,0,WPT Ready,0,0,False,0,0,0,0,0,0,75%,50%,False,0x00,False,63%,0us,0.000V,0.000V,True,False,Charge Active,v01.23.7357,False,False,0x00,0x00,0x00,0x00,0x00,0x00,0x00,200,13,0,0,0,False,1.0V,0.030,1467mV,1,False,False,v01.20.7357
26-05-30 12:41:08.567571,2902,496,1044,620,240,280,1796,200,True,True,True,True,True,True,True,True,2902,496,1044,620,240,280,1796,200,0,0,0,0,0,0,0,0,WPT Ready,0,0,False,0,0,0,0,0,0,75%,50%,False,0x00,False,63%,0us,0.000V,0.000V,True,False,Charge Active,v01.23.7357,False,False,0x00,0x00,0x00,0x00,0x00,0x00,0x00,200,13,0,0,0,False,1.0V,0.030,1467mV,1,False,False,v01.20.7357
26-05-30 12:41:08.762793,2902,496,1044,620,240,280,1796,200,True,True,True,True,True,True,True,True,2902,496,1044,620,240,280,1796,200,0,0,0,0,0,0,0,0,WPT Ready,0,0,False,0,0,0,0,0,0,75%,50%,False,0x00,False,63%,0us,0.000V,0.000V,True,False,Charge Active,v01.23.7357,False,False,0x00,0x00,0x00,0x00,0x00,0x00,0x00,200,13,0,0,0,False,1.0V,0.030,1467mV,1,False,False,v01.20.7357
26-05-30 12:41:08.967409,2902,496,1044,620,240,280,1796,200,True,True,True,True,True,True,True,True,2902,496,1044,620,240,280,1796,200,0,0,0,0,0,0,0,0,WPT Ready,0,0,False,0,0,0,0,0,0,75%,50%,False,0x00,False,63%,0us,0.000V,0.000V,True,False,Charge Active,v01.23.7357,False,False,0x00,0x00,0x00,0x00,0x00,0x00,0x00,200,13,0,0,0,False,1.0V,0.030,1467mV,1,False,False,v01.20.7357
26-05-30 12:41:09.171600,2902,496,1044,620,240,280,1796,200,True,True,True,True,True,True,True,True,2902,496,1044,620,240,280,1796,200,0,0,0,0,0,0,0,0,WPT Ready,0,0,False,0,0,0,0,0,0,75%,50%,False,0x00,False,63%,0us,0.000V,0.000V,True,False,Charge Active,v01.23.7357,False,False,0x00,0x00,0x00,0x00,0x00,0x00,0x00,200,13,0,0,0,False,1.0V,0.030,1467mV,1,False,False,v01.20.7357
26-05-30 12:41:09.367301,2902,496,1044,620,240,280,1796,200,True,True,True,True,True,True,True,True,2902,496,1044,620,240,280,1796,200,0,0,0,0,0,0,0,0,WPT Ready,0,0,False,0,0,0,0,0,0,75%,50%,False,0x00,False,63%,0us,0.000V,0.000V,True,False,Charge Active,v01.23.7357,False,False,0x00,0x00,0x00,0x00,0x00,0x00,0x00,200,13,0,0,0,False,1.0V,0.030,1467mV,1,False,False,v01.20.7357
26-05-30 12:41:09.568330,2902,496,1044,620,240,280,1796,200,True,True,True,True,True,True,True,True,2902,496,1044,620,240,280,1796,200,0,0,0,0,0,0,0,0,WPT Ready,0,0,False,0,0,0,0,0,0,75%,50%,False,0x00,False,63%,0us,0.000V,0.000V,True,False,Charge Active,v01.23.7357,False,False,0x00,0x00,0x00,0x00,0x00,0x00,0x00,200,13,0,0,0,False,1.0V,0.030,1467mV,1,False,False,v01.20.7357
26-05-30 12:41:09.774195,2902,496,1044,620,240,280,1796,200,True,True,True,True,True,True,True,True,2902,496,1044,620,240,280,1796,200,0,0,0,0,0,0,0,0,WPT Ready,0,0,False,0,0,0,0,0,0,75%,50%,False,0x00,False,63%,0us,0.000V,0.000V,True,False,Charge Active,v01.23.7357,False,False,0x00,0x00,0x00,0x00,0x00,0x00,0x00,200,13,0,0,0,False,1.0V,0.030,1467mV,1,False,False,v01.20.7357
26-05-30 12:41:09.978024,2902,496,1044,620,240,280,1796,200,True,True,True,True,True,True,True,True,2902,496,1044,620,240,280,1796,200,0,0,0,0,0,0,0,0,WPT Ready,0,0,False,0,0,0,0,0,0,75%,50%,False,0x00,False,63%,0us,0.000V,0.000V,True,False,Charge Active,v01.23.7357,False,False,0x00,0x00,0x00,0x00,0x00,0x00,0x00,200,13,0,0,0,False,1.0V,0.030,1467mV,1,False,False,v01.20.7357
26-05-30 12:41:10.185797,2902,496,1044,620,240,280,1796,200,True,True,True,True,True,True,True,True,2902,496,1044,620,240,280,1796,200,0,0,0,0,0,0,0,0,WPT Ready,0,0,False,0,0,0,0,0,0,75%,50%,False,0x00,False,63%,0us,0.000V,0.000V,True,False,Charge Active,v01.23.7357,False,False,0x00,0x00,0x00,0x00,0x00,0x00,0x00,200,13,0,0,0,False,1.0V,0.030,1467mV,1,False,False,v01.20.7357
26-05-30 12:41:10.382349,2902,496,1044,620,240,280,1796,200,True,True,True,True,True,True,True,True,2902,496,1044,620,240,280,1796,200,0,0,0,0,0,0,0,0,WPT Ready,0,0,False,0,0,0,0,0,0,75%,50%,False,0x00,False,63%,0us,0.000V,0.000V,True,False,Charge Active,v01.23.7357,False,False,0x00,0x00,0x00,0x00,0x00,0x00,0x00,200,13,0,0,0,False,1.0V,0.030,1467mV,1,False,False,v01.20.7357
26-05-30 12:41:10.581826,2902,496,1044,620,240,280,1796,200,True,True,True,True,True,True,True,True,2902,496,1044,620,240,280,1796,200,0,0,0,0,0,0,0,0,WPT Ready,0,0,False,0,0,0,0,0,0,75%,50%,False,0x00,False,63%,0us,0.000V,0.000V,True,False,Charge Active,v01.23.7357,False,False,0x00,0x00,0x00,0x00,0x00,0x00,0x00,200,13,0,0,0,False,1.0V,0.030,1467mV,1,False,False,v01.20.7357
26-05-30 12:41:10.750816,2902,496,1044,620,240,280,1796,200,True,True,True,True,True,True,True,True,2902,496,1044,620,240,280,1796,200,0,0,0,0,0,0,0,0,WPT Ready,0,0,False,0,0,0,0,0,0,75%,50%,False,0x00,False,63%,0us,0.000V,0.000V,True,False,Charge Active,v01.23.7357,False,False,0x00,0x00,0x00,0x00,0x00,0x00,0x00,200,13,0,0,0,False,1.0V,0.030,1467mV,1,False,False,v01.20.7357
26-05-30 12:41:10.996384,2902,496,1044,620,240,280,1796,200,True,True,True,True,True,True,True,True,2902,496,1044,620,240,280,1796,200,0,0,0,0,0,0,0,0,WPT Ready,0,0,False,0,0,0,0,0,0,75%,50%,False,0x00,False,63%,0us,0.000V,0.000V,True,False,Charge Active,v01.23.7357,False,False,0x00,0x00,0x00,0x00,0x00,0x00,0x00,200,13,0,0,0,False,1.0V,0.030,1467mV,1,False,False,v01.20.7357
26-05-30 12:41:11.157623,2902,496,1044,620,240,280,1796,200,True,True,True,True,True,True,True,True,2902,496,1044,620,240,280,1796,200,0,0,0,0,0,0,0,0,WPT Ready,0,0,False,0,0,0,0,0,0,75%,50%,False,0x00,False,63%,0us,0.000V,0.000V,True,False,Charge Active,v01.23.7357,False,False,0x00,0x00,0x00,0x00,0x00,0x00,0x00,200,13,0,0,0,False,1.0V,0.030,1467mV,1,False,False,v01.20.7357
26-05-30 12:41:11.358899,2902,496,1044,620,240,280,1796,200,True,True,True,True,True,True,True,True,2902,496,1044,620,240,280,1796,200,0,0,0,0,0,0,0,0,WPT Ready,0,0,False,0,0,0,0,0,0,75%,50%,False,0x00,False,63%,0us,0.000V,0.000V,True,False,Charge Active,v01.23.7357,False,False,0x00,0x00,0x00,0x00,0x00,0x00,0x00,200,13,0,0,0,False,1.0V,0.030,1467mV,1,False,False,v01.20.7357
26-05-30 12:41:11.604914,2902,496,1044,620,240,280,1796,200,True,True,True,True,True,True,True,True,2902,496,1044,620,240,280,1796,200,0,0,0,0,0,0,0,0,WPT Ready,0,0,False,0,0,0,0,0,0,75%,50%,False,0x00,False,63%,0us,0.000V,0.000V,True,False,Charge Active,v01.23.7357,False,False,0x00,0x00,0x00,0x00,0x00,0x00,0x00,200,13,0,0,0,False,1.0V,0.030,1467mV,1,False,False,v01.20.7357
26-05-30 12:41:11.751560,2902,496,1044,620,240,280,1796,200,True,True,True,True,True,True,True,True,2902,496,1044,620,240,280,1796,200,0,0,0,0,0,0,0,0,WPT Ready,0,0,False,0,0,0,0,0,0,75%,50%,False,0x00,False,63%,0us,0.000V,0.000V,True,False,Charge Active,v01.23.7357,False,False,0x00,0x00,0x00,0x00,0x00,0x00,0x00,200,13,0,0,0,False,1.0V,0.030,1467mV,1,False,False,v01.20.7357
26-05-30 12:41:11.946547,2902,496,1044,620,240,280,1796,200,True,True,True,True,True,True,True,True,2902,496,1044,620,240,280,1796,200,0,0,0,0,0,0,0,0,WPT Ready,0,0,False,0,0,0,0,0,0,75%,50%,False,0x00,False,63%,0us,0.000V,0.000V,True,False,Charge Active,v01.23.7357,False,False,0x00,0x00,0x00,0x00,0x00,0x00,0x00,200,13,0,0,0,False,1.0V,0.030,1467mV,1,False,False,v01.20.7357
26-05-30 12:41:12.145740,2902,496,1044,620,240,280,1796,200,True,True,True,True,True,True,True,True,2902,496,1044,620,240,280,1796,200,0,0,0,0,0,0,0,0,WPT Ready,0,0,False,0,0,0,0,0,0,75%,50%,False,0x00,False,63%,0us,0.000V,0.000V,True,False,Charge Active,v01.23.7357,False,False,0x00,0x00,0x00,0x00,0x00,0x00,0x00,200,13,0,0,0,False,1.0V,0.030,1467mV,1,False,False,v01.20.7357
26-05-30 12:41:12.350787,2902,496,1044,620,240,280,1796,200,True,True,True,True,True,True,True,True,2902,496,1044,620,240,280,1796,200,0,0,0,0,0,0,0,0,WPT Ready,0,0,False,0,0,0,0,0,0,75%,50%,False,0x00,False,63%,0us,0.000V,0.000V,True,False,Charge Active,v01.23.7357,False,False,0x00,0x00,0x00,0x00,0x00,0x00,0x00,200,13,0,0,0,False,1.0V,0.030,1467mV,1,False,False,v01.20.7357
26-05-30 12:41:12.553213,2902,496,1044,620,240,280,1796,200,True,True,True,True,True,True,True,True,2902,496,1044,620,240,280,1796,200,0,0,0,0,0,0,0,0,WPT Ready,0,0,False,0,0,0,0,0,0,75%,50%,False,0x00,False,63%,0us,0.000V,0.000V,True,False,Charge Active,v01.23.7357,False,False,0x00,0x00,0x00,0x00,0x00,0x00,0x00,200,13,0,0,0,False,1.0V,0.030,1467mV,1,False,False,v01.20.7357
26-05-30 12:41:12.757356,2902,496,1044,620,240,280,1796,200,True,True,True,True,True,True,True,True,2902,496,1044,620,240,280,1796,200,0,0,0,0,0,0,0,0,WPT Ready,0,0,False,0,0,0,0,0,0,75%,50%,False,0x00,False,63%,0us,0.000V,0.000V,True,False,Charge Active,v01.23.7357,False,False,0x00,0x00,0x00,0x00,0x00,0x00,0x00,200,13,0,0,0,False,1.0V,0.030,1467mV,1,False,False,v01.20.7357
26-05-30 12:41:12.966557,2902,496,1044,620,240,280,1796,200,True,True,True,True,True,True,True,True,2902,496,1044,620,240,280,1796,200,0,0,0,0,0,0,0,0,WPT Ready,0,0,False,0,0,0,0,0,0,75%,50%,False,0x00,False,63%,0us,0.000V,0.000V,True,False,Charge Active,v01.23.7357,False,False,0x00,0x00,0x00,0x00,0x00,0x00,0x00,200,13,0,0,0,False,1.0V,0.030,1467mV,1,False,False,v01.20.7357
26-05-30 12:41:13.168547,2902,496,1044,620,240,280,1796,200,True,True,True,True,True,True,True,True,2902,496,1044,620,240,280,1796,200,0,0,0,0,0,0,0,0,WPT Ready,0,0,False,0,0,0,0,0,0,75%,50%,False,0x00,False,63%,0us,0.000V,0.000V,True,False,Charge Active,v01.23.7357,False,False,0x00,0x00,0x00,0x00,0x00,0x00,0x00,200,13,0,0,0,False,1.0V,0.030,1467mV,1,False,False,v01.20.7357
26-05-30 12:41:13.373928,2902,496,1044,620,240,280,1796,200,True,True,True,True,True,True,True,True,2902,496,1044,620,240,280,1796,200,0,0,0,0,0,0,0,0,WPT Ready,0,0,False,0,0,0,0,0,0,75%,50%,False,0x00,False,63%,0us,0.000V,0.000V,True,False,Charge Active,v01.23.7357,False,False,0x00,0x00,0x00,0x00,0x00,0x00,0x00,200,13,0,0,0,False,1.0V,0.030,1467mV,1,False,False,v01.20.7357
26-05-30 12:41:13.578576,2902,496,1044,620,240,280,1796,200,True,True,True,True,True,True,True,True,2902,496,1044,620,240,280,1796,200,0,0,0,0,0,0,0,0,WPT Ready,0,0,False,0,0,0,0,0,0,75%,50%,False,0x00,False,63%,0us,0.000V,0.000V,True,False,Charge Active,v01.23.7357,False,False,0x00,0x00,0x00,0x00,0x00,0x00,0x00,200,13,0,0,0,False,1.0V,0.030,1467mV,1,False,False,v01.20.7357
26-05-30 12:41:13.780128,2902,496,1044,620,240,280,1796,200,True,True,True,True,True,True,True,True,2902,496,1044,620,240,280,1796,200,0,0,0,0,0,0,0,0,WPT Ready,0,0,False,0,0,0,0,0,0,75%,50%,False,0x00,False,63%,0us,0.000V,0.000V,True,False,Charge Active,v01.23.7357,False,False,0x00,0x00,0x00,0x00,0x00,0x00,0x00,200,13,0,0,0,False,1.0V,0.030,1467mV,1,False,False,v01.20.7357
26-05-30 12:41:13.987092,2902,496,1044,620,240,280,1796,200,True,True,True,True,True,True,True,True,2902,496,1044,620,240,280,1796,200,0,0,0,0,0,0,0,0,WPT Ready,0,0,False,0,0,0,0,0,0,75%,50%,False,0x00,False,63%,0us,0.000V,0.000V,True,False,Charge Active,v01.23.7357,False,False,0x00,0x00,0x00,0x00,0x00,0x00,0x00,200,13,0,0,0,False,1.0V,0.030,1467mV,1,False,False,v01.20.7357
26-05-30 12:41:14.149032,2902,496,1044,620,240,280,1796,200,True,True,True,True,True,True,True,True,2902,496,1044,620,240,280,1796,200,0,0,0,0,0,0,0,0,WPT Ready,0,0,False,0,0,0,0,0,0,75%,50%,False,0x00,False,63%,0us,0.000V,0.000V,True,False,Charge Active,v01.23.7357,False,False,0x00,0x00,0x00,0x00,0x00,0x00,0x00,200,13,0,0,0,False,1.0V,0.030,1467mV,1,False,False,v01.20.7357
26-05-30 12:41:14.353193,2902,496,1044,620,240,280,1796,200,True,True,True,True,True,True,True,True,2902,496,1044,620,240,280,1796,200,0,0,0,0,0,0,0,0,WPT Ready,0,0,False,0,0,0,0,0,0,75%,50%,False,0x00,False,63%,0us,0.000V,0.000V,True,False,Charge Active,v01.23.7357,False,False,0x00,0x00,0x00,0x00,0x00,0x00,0x00,200,13,0,0,0,False,1.0V,0.030,1467mV,1,False,False,v01.20.7357
26-05-30 12:41:14.555393,2902,496,1044,620,240,280,1796,200,True,True,True,True,True,True,True,True,2902,496,1044,620,240,280,1796,200,0,0,0,0,0,0,0,0,WPT Ready,0,0,False,0,0,0,0,0,0,75%,50%,False,0x00,False,63%,0us,0.000V,0.000V,True,False,Charge Active,v01.23.7357,False,False,0x00,0x00,0x00,0x00,0x00,0x00,0x00,200,13,0,0,0,False,1.0V,0.030,1467mV,1,False,False,v01.20.7357
26-05-30 12:41:14.800107,2902,496,1044,620,240,280,1796,200,True,True,True,True,True,True,True,True,2902,496,1044,620,240,280,1796,200,0,0,0,0,0,0,0,0,WPT Ready,0,0,False,0,0,0,0,0,0,75%,50%,False,0x00,False,63%,0us,0.000V,0.000V,True,False,Charge Active,v01.23.7357,False,False,0x00,0x00,0x00,0x00,0x00,0x00,0x00,200,13,0,0,0,False,1.0V,0.030,1467mV,1,False,False,v01.20.7357
26-05-30 12:41:14.985623,2902,496,1044,620,240,280,1796,200,True,True,True,True,True,True,True,True,2902,496,1044,620,240,280,1796,200,0,0,0,0,0,0,0,0,WPT Ready,0,0,False,0,0,0,0,0,0,75%,50%,False,0x00,False,63%,0us,0.000V,0.000V,True,False,Charge Active,v01.23.7357,False,False,0x00,0x00,0x00,0x00,0x00,0x00,0x00,200,13,0,0,0,False,1.0V,0.030,1467mV,1,False,False,v01.20.7357
26-05-30 12:41:15.147076,2902,496,1044,620,240,280,1796,200,True,True,True,True,True,True,True,True,2902,496,1044,620,240,280,1796,200,0,0,0,0,0,0,0,0,WPT Ready,0,0,False,0,0,0,0,0,0,75%,50%,False,0x00,False,63%,0us,0.000V,0.000V,True,False,Charge Active,v01.23.7357,False,False,0x00,0x00,0x00,0x00,0x00,0x00,0x00,200,13,0,0,0,False,1.0V,0.030,1467mV,1,False,False,v01.20.7357
26-05-30 12:41:15.393474,2902,496,1044,620,240,280,1796,200,True,True,True,True,True,True,True,True,2902,496,1044,620,240,280,1796,200,0,0,0,0,0,0,0,0,WPT Ready,0,0,False,0,0,0,0,0,0,75%,50%,False,0x00,False,63%,0us,0.000V,0.000V,True,False,Charge Active,v01.23.7357,False,False,0x00,0x00,0x00,0x00,0x00,0x00,0x00,200,13,0,0,0,False,1.0V,0.030,1467mV,1,False,False,v01.20.7357
26-05-30 12:41:15.602274,2902,496,1044,620,240,280,1796,200,True,True,True,True,True,True,True,True,2902,496,1044,620,240,280,1796,200,0,0,0,0,0,0,0,0,WPT Ready,0,0,False,0,0,0,0,0,0,75%,50%,False,0x00,False,63%,0us,0.000V,0.000V,True,False,Charge Active,v01.23.7357,False,False,0x00,0x00,0x00,0x00,0x00,0x00,0x00,200,13,0,0,0,False,1.0V,0.030,1467mV,1,False,False,v01.20.7357
26-05-30 12:41:15.752045,2902,496,1044,620,240,280,1796,200,True,True,True,True,True,True,True,True,2902,496,1044,620,240,280,1796,200,0,0,0,0,0,0,0,0,WPT Ready,0,0,False,0,0,0,0,0,0,75%,50%,False,0x00,False,63%,0us,0.000V,0.000V,True,False,Charge Active,v01.23.7357,False,False,0x00,0x00,0x00,0x00,0x00,0x00,0x00,200,13,0,0,0,False,1.0V,0.030,1467mV,1,False,False,v01.20.7357
26-05-30 12:41:15.952839,2902,496,1044,620,240,280,1796,200,True,True,True,True,True,True,True,True,2902,496,1044,620,240,280,1796,200,0,0,0,0,0,0,0,0,WPT Ready,0,0,False,0,0,0,0,0,0,75%,50%,False,0x00,False,63%,0us,0.000V,0.000V,True,False,Charge Active,v01.23.7357,False,False,0x00,0x00,0x00,0x00,0x00,0x00,0x00,200,13,0,0,0,False,1.0V,0.030,1467mV,1,False,False,v01.20.7357
26-05-30 12:41:16.206337,2902,496,1044,620,240,280,1796,200,True,True,True,True,True,True,True,True,2902,496,1044,620,240,280,1796,200,0,0,0,0,0,0,0,0,WPT Ready,0,0,False,0,0,0,0,0,0,75%,50%,False,0x00,False,63%,0us,0.000V,0.000V,True,False,Charge Active,v01.23.7357,False,False,0x00,0x00,0x00,0x00,0x00,0x00,0x00,200,13,0,0,0,False,1.0V,0.030,1467mV,1,False,False,v01.20.7357
26-05-30 12:41:16.354490,2902,496,1044,620,240,280,1796,200,True,True,True,True,True,True,True,True,2902,496,1044,620,240,280,1796,200,0,0,0,0,0,0,0,0,WPT Ready,0,0,False,0,0,0,0,0,0,75%,50%,False,0x00,False,63%,0us,0.000V,0.000V,True,False,Charge Active,v01.23.7357,False,False,0x00,0x00,0x00,0x00,0x00,0x00,0x00,200,13,0,0,0,False,1.0V,0.030,1467mV,1,False,False,v01.20.7357
26-05-30 12:41:16.551109,2902,496,1044,620,240,280,1796,200,True,True,True,True,True,True,True,True,2902,496,1044,620,240,280,1796,200,0,0,0,0,0,0,0,0,WPT Ready,0,0,False,0,0,0,0,0,0,75%,50%,False,0x00,False,63%,0us,0.000V,0.000V,True,False,Charge Active,v01.23.7357,False,False,0x00,0x00,0x00,0x00,0x00,0x00,0x00,200,13,0,0,0,False,1.0V,0.030,1467mV,1,False,False,v01.20.7357
26-05-30 12:41:16.797382,2902,496,1044,620,240,280,1796,200,True,True,True,True,True,True,True,True,2902,496,1044,620,240,280,1796,200,0,0,0,0,0,0,0,0,WPT Ready,0,0,False,0,0,0,0,0,0,75%,50%,False,0x00,False,63%,0us,0.000V,0.000V,True,False,Charge Active,v01.23.7357,False,False,0x00,0x00,0x00,0x00,0x00,0x00,0x00,200,13,0,0,0,False,1.0V,0.030,1467mV,1,False,False,v01.20.7357
26-05-30 12:41:16.959419,2902,496,1044,620,240,280,1796,200,True,True,True,True,True,True,True,True,2902,496,1044,620,240,280,1796,200,0,0,0,0,0,0,0,0,WPT Ready,0,0,False,0,0,0,0,0,0,75%,50%,False,0x00,False,63%,0us,0.000V,0.000V,True,False,Charge Active,v01.23.7357,False,False,0x00,0x00,0x00,0x00,0x00,0x00,0x00,200,13,0,0,0,False,1.0V,0.030,1467mV,1,False,False,v01.20.7357
26-05-30 12:41:17.153936,2902,496,1044,620,240,280,1796,200,True,True,True,True,True,True,True,True,2902,496,1044,620,240,280,1796,200,0,0,0,0,0,0,0,0,WPT Ready,0,0,False,0,0,0,0,0,0,75%,50%,False,0x00,False,63%,0us,0.000V,0.000V,True,False,Charge Active,v01.23.7357,False,False,0x00,0x00,0x00,0x00,0x00,0x00,0x00,200,13,0,0,0,False,1.0V,0.030,1467mV,1,False,False,v01.20.7357
